userId, name, surname
0,robert_0,paulson_0
1,robert_1,paulson_1
2,robert_2,paulson_2
3,robert_3,paulson_3
4,robert_4,paulson_4
5,robert_5,paulson_5
6,robert_6,paulson_6
7,robert_7,paulson_7
8,robert_8,paulson_8
9,robert_9,paulson_9
10,robert_10,paulson_10
11,robert_11,paulson_11
12,robert_12,paulson_12
13,robert_13,paulson_13
14,robert_14,paulson_14
15,robert_15,paulson_15
16,robert_16,paulson_16
17,robert_17,paulson_17
18,robert_18,paulson_18
19,robert_19,paulson_19
20,robert_20,paulson_20
21,robert_21,paulson_21
22,robert_22,paulson_22
23,robert_23,paulson_23
24,robert_24,paulson_24
25,robert_25,paulson_25
26,robert_26,paulson_26
27,robert_27,paulson_27
28,robert_28,paulson_28
29,robert_29,paulson_29
30,robert_30,paulson_30
31,robert_31,paulson_31
32,robert_32,paulson_32
33,robert_33,paulson_33
34,robert_34,paulson_34
35,robert_35,paulson_35
36,robert_36,paulson_36
37,robert_37,paulson_37
38,robert_38,paulson_38
39,robert_39,paulson_39
40,robert_40,paulson_40
41,robert_41,paulson_41
42,robert_42,paulson_42
43,robert_43,paulson_43
44,robert_44,paulson_44
45,robert_45,paulson_45
46,robert_46,paulson_46
47,robert_47,paulson_47
48,robert_48,paulson_48
49,robert_49,paulson_49
50,robert_50,paulson_50
51,robert_51,paulson_51
52,robert_52,paulson_52
53,robert_53,paulson_53
54,robert_54,paulson_54
55,robert_55,paulson_55
56,robert_56,paulson_56
57,robert_57,paulson_57
58,robert_58,paulson_58
59,robert_59,paulson_59
60,robert_60,paulson_60
61,robert_61,paulson_61
62,robert_62,paulson_62
63,robert_63,paulson_63
64,robert_64,paulson_64
65,robert_65,paulson_65
66,robert_66,paulson_66
67,robert_67,paulson_67
68,robert_68,paulson_68
69,robert_69,paulson_69
70,robert_70,paulson_70
71,robert_71,paulson_71
72,robert_72,paulson_72
73,robert_73,paulson_73
74,robert_74,paulson_74
75,robert_75,paulson_75
76,robert_76,paulson_76
77,robert_77,paulson_77
78,robert_78,paulson_78
79,robert_79,paulson_79
80,robert_80,paulson_80
81,robert_81,paulson_81
82,robert_82,paulson_82
83,robert_83,paulson_83
84,robert_84,paulson_84
85,robert_85,paulson_85
86,robert_86,paulson_86
87,robert_87,paulson_87
88,robert_88,paulson_88
89,robert_89,paulson_89
90,robert_90,paulson_90
91,robert_91,paulson_91
92,robert_92,paulson_92
93,robert_93,paulson_93
94,robert_94,paulson_94
95,robert_95,paulson_95
96,robert_96,paulson_96
97,robert_97,paulson_97
98,robert_98,paulson_98
99,robert_99,paulson_99
100,robert_100,paulson_100
101,robert_101,paulson_101
102,robert_102,paulson_102
103,robert_103,paulson_103
104,robert_104,paulson_104
105,robert_105,paulson_105
106,robert_106,paulson_106
107,robert_107,paulson_107
108,robert_108,paulson_108
109,robert_109,paulson_109
110,robert_110,paulson_110
111,robert_111,paulson_111
112,robert_112,paulson_112
113,robert_113,paulson_113
114,robert_114,paulson_114
115,robert_115,paulson_115
116,robert_116,paulson_116
117,robert_117,paulson_117
118,robert_118,paulson_118
119,robert_119,paulson_119
120,robert_120,paulson_120
121,robert_121,paulson_121
122,robert_122,paulson_122
123,robert_123,paulson_123
124,robert_124,paulson_124
125,robert_125,paulson_125
126,robert_126,paulson_126
127,robert_127,paulson_127
128,robert_128,paulson_128
129,robert_129,paulson_129
130,robert_130,paulson_130
131,robert_131,paulson_131
132,robert_132,paulson_132
133,robert_133,paulson_133
134,robert_134,paulson_134
135,robert_135,paulson_135
136,robert_136,paulson_136
137,robert_137,paulson_137
138,robert_138,paulson_138
139,robert_139,paulson_139
140,robert_140,paulson_140
141,robert_141,paulson_141
142,robert_142,paulson_142
143,robert_143,paulson_143
144,robert_144,paulson_144
145,robert_145,paulson_145
146,robert_146,paulson_146
147,robert_147,paulson_147
148,robert_148,paulson_148
149,robert_149,paulson_149
150,robert_150,paulson_150
151,robert_151,paulson_151
152,robert_152,paulson_152
153,robert_153,paulson_153
154,robert_154,paulson_154
155,robert_155,paulson_155
156,robert_156,paulson_156
157,robert_157,paulson_157
158,robert_158,paulson_158
159,robert_159,paulson_159
160,robert_160,paulson_160
161,robert_161,paulson_161
162,robert_162,paulson_162
163,robert_163,paulson_163
164,robert_164,paulson_164
165,robert_165,paulson_165
166,robert_166,paulson_166
167,robert_167,paulson_167
168,robert_168,paulson_168
169,robert_169,paulson_169
170,robert_170,paulson_170
171,robert_171,paulson_171
172,robert_172,paulson_172
173,robert_173,paulson_173
174,robert_174,paulson_174
175,robert_175,paulson_175
176,robert_176,paulson_176
177,robert_177,paulson_177
178,robert_178,paulson_178
179,robert_179,paulson_179
180,robert_180,paulson_180
181,robert_181,paulson_181
182,robert_182,paulson_182
183,robert_183,paulson_183
184,robert_184,paulson_184
185,robert_185,paulson_185
186,robert_186,paulson_186
187,robert_187,paulson_187
188,robert_188,paulson_188
189,robert_189,paulson_189
190,robert_190,paulson_190
191,robert_191,paulson_191
192,robert_192,paulson_192
193,robert_193,paulson_193
194,robert_194,paulson_194
195,robert_195,paulson_195
196,robert_196,paulson_196
197,robert_197,paulson_197
198,robert_198,paulson_198
199,robert_199,paulson_199
200,robert_200,paulson_200
201,robert_201,paulson_201
202,robert_202,paulson_202
203,robert_203,paulson_203
204,robert_204,paulson_204
205,robert_205,paulson_205
206,robert_206,paulson_206
207,robert_207,paulson_207
208,robert_208,paulson_208
209,robert_209,paulson_209
210,robert_210,paulson_210
211,robert_211,paulson_211
212,robert_212,paulson_212
213,robert_213,paulson_213
214,robert_214,paulson_214
215,robert_215,paulson_215
216,robert_216,paulson_216
217,robert_217,paulson_217
218,robert_218,paulson_218
219,robert_219,paulson_219
220,robert_220,paulson_220
221,robert_221,paulson_221
222,robert_222,paulson_222
223,robert_223,paulson_223
224,robert_224,paulson_224
225,robert_225,paulson_225
226,robert_226,paulson_226
227,robert_227,paulson_227
228,robert_228,paulson_228
229,robert_229,paulson_229
230,robert_230,paulson_230
231,robert_231,paulson_231
232,robert_232,paulson_232
233,robert_233,paulson_233
234,robert_234,paulson_234
235,robert_235,paulson_235
236,robert_236,paulson_236
237,robert_237,paulson_237
238,robert_238,paulson_238
239,robert_239,paulson_239
240,robert_240,paulson_240
241,robert_241,paulson_241
242,robert_242,paulson_242
243,robert_243,paulson_243
244,robert_244,paulson_244
245,robert_245,paulson_245
246,robert_246,paulson_246
247,robert_247,paulson_247
248,robert_248,paulson_248
249,robert_249,paulson_249
250,robert_250,paulson_250
251,robert_251,paulson_251
252,robert_252,paulson_252
253,robert_253,paulson_253
254,robert_254,paulson_254
255,robert_255,paulson_255
256,robert_256,paulson_256
257,robert_257,paulson_257
258,robert_258,paulson_258
259,robert_259,paulson_259
260,robert_260,paulson_260
261,robert_261,paulson_261
262,robert_262,paulson_262
263,robert_263,paulson_263
264,robert_264,paulson_264
265,robert_265,paulson_265
266,robert_266,paulson_266
267,robert_267,paulson_267
268,robert_268,paulson_268
269,robert_269,paulson_269
270,robert_270,paulson_270
271,robert_271,paulson_271
272,robert_272,paulson_272
273,robert_273,paulson_273
274,robert_274,paulson_274
275,robert_275,paulson_275
276,robert_276,paulson_276
277,robert_277,paulson_277
278,robert_278,paulson_278
279,robert_279,paulson_279
280,robert_280,paulson_280
281,robert_281,paulson_281
282,robert_282,paulson_282
283,robert_283,paulson_283
284,robert_284,paulson_284
285,robert_285,paulson_285
286,robert_286,paulson_286
287,robert_287,paulson_287
288,robert_288,paulson_288
289,robert_289,paulson_289
290,robert_290,paulson_290
291,robert_291,paulson_291
292,robert_292,paulson_292
293,robert_293,paulson_293
294,robert_294,paulson_294
295,robert_295,paulson_295
296,robert_296,paulson_296
297,robert_297,paulson_297
298,robert_298,paulson_298
299,robert_299,paulson_299
300,robert_300,paulson_300
301,robert_301,paulson_301
302,robert_302,paulson_302
303,robert_303,paulson_303
304,robert_304,paulson_304
305,robert_305,paulson_305
306,robert_306,paulson_306
307,robert_307,paulson_307
308,robert_308,paulson_308
309,robert_309,paulson_309
310,robert_310,paulson_310
311,robert_311,paulson_311
312,robert_312,paulson_312
313,robert_313,paulson_313
314,robert_314,paulson_314
315,robert_315,paulson_315
316,robert_316,paulson_316
317,robert_317,paulson_317
318,robert_318,paulson_318
319,robert_319,paulson_319
320,robert_320,paulson_320
321,robert_321,paulson_321
322,robert_322,paulson_322
323,robert_323,paulson_323
324,robert_324,paulson_324
325,robert_325,paulson_325
326,robert_326,paulson_326
327,robert_327,paulson_327
328,robert_328,paulson_328
329,robert_329,paulson_329
330,robert_330,paulson_330
331,robert_331,paulson_331
332,robert_332,paulson_332
333,robert_333,paulson_333
334,robert_334,paulson_334
335,robert_335,paulson_335
336,robert_336,paulson_336
337,robert_337,paulson_337
338,robert_338,paulson_338
339,robert_339,paulson_339
340,robert_340,paulson_340
341,robert_341,paulson_341
342,robert_342,paulson_342
343,robert_343,paulson_343
344,robert_344,paulson_344
345,robert_345,paulson_345
346,robert_346,paulson_346
347,robert_347,paulson_347
348,robert_348,paulson_348
349,robert_349,paulson_349
350,robert_350,paulson_350
351,robert_351,paulson_351
352,robert_352,paulson_352
353,robert_353,paulson_353
354,robert_354,paulson_354
355,robert_355,paulson_355
356,robert_356,paulson_356
357,robert_357,paulson_357
358,robert_358,paulson_358
359,robert_359,paulson_359
360,robert_360,paulson_360
361,robert_361,paulson_361
362,robert_362,paulson_362
363,robert_363,paulson_363
364,robert_364,paulson_364
365,robert_365,paulson_365
366,robert_366,paulson_366
367,robert_367,paulson_367
368,robert_368,paulson_368
369,robert_369,paulson_369
370,robert_370,paulson_370
371,robert_371,paulson_371
372,robert_372,paulson_372
373,robert_373,paulson_373
374,robert_374,paulson_374
375,robert_375,paulson_375
376,robert_376,paulson_376
377,robert_377,paulson_377
378,robert_378,paulson_378
379,robert_379,paulson_379
380,robert_380,paulson_380
381,robert_381,paulson_381
382,robert_382,paulson_382
383,robert_383,paulson_383
384,robert_384,paulson_384
385,robert_385,paulson_385
386,robert_386,paulson_386
387,robert_387,paulson_387
388,robert_388,paulson_388
389,robert_389,paulson_389
390,robert_390,paulson_390
391,robert_391,paulson_391
392,robert_392,paulson_392
393,robert_393,paulson_393
394,robert_394,paulson_394
395,robert_395,paulson_395
396,robert_396,paulson_396
397,robert_397,paulson_397
398,robert_398,paulson_398
399,robert_399,paulson_399
400,robert_400,paulson_400
401,robert_401,paulson_401
402,robert_402,paulson_402
403,robert_403,paulson_403
404,robert_404,paulson_404
405,robert_405,paulson_405
406,robert_406,paulson_406
407,robert_407,paulson_407
408,robert_408,paulson_408
409,robert_409,paulson_409
410,robert_410,paulson_410
411,robert_411,paulson_411
412,robert_412,paulson_412
413,robert_413,paulson_413
414,robert_414,paulson_414
415,robert_415,paulson_415
416,robert_416,paulson_416
417,robert_417,paulson_417
418,robert_418,paulson_418
419,robert_419,paulson_419
420,robert_420,paulson_420
421,robert_421,paulson_421
422,robert_422,paulson_422
423,robert_423,paulson_423
424,robert_424,paulson_424
425,robert_425,paulson_425
426,robert_426,paulson_426
427,robert_427,paulson_427
428,robert_428,paulson_428
429,robert_429,paulson_429
430,robert_430,paulson_430
431,robert_431,paulson_431
432,robert_432,paulson_432
433,robert_433,paulson_433
434,robert_434,paulson_434
435,robert_435,paulson_435
436,robert_436,paulson_436
437,robert_437,paulson_437
438,robert_438,paulson_438
439,robert_439,paulson_439
440,robert_440,paulson_440
441,robert_441,paulson_441
442,robert_442,paulson_442
443,robert_443,paulson_443
444,robert_444,paulson_444
445,robert_445,paulson_445
446,robert_446,paulson_446
447,robert_447,paulson_447
448,robert_448,paulson_448
449,robert_449,paulson_449
450,robert_450,paulson_450
451,robert_451,paulson_451
452,robert_452,paulson_452
453,robert_453,paulson_453
454,robert_454,paulson_454
455,robert_455,paulson_455
456,robert_456,paulson_456
457,robert_457,paulson_457
458,robert_458,paulson_458
459,robert_459,paulson_459
460,robert_460,paulson_460
461,robert_461,paulson_461
462,robert_462,paulson_462
463,robert_463,paulson_463
464,robert_464,paulson_464
465,robert_465,paulson_465
466,robert_466,paulson_466
467,robert_467,paulson_467
468,robert_468,paulson_468
469,robert_469,paulson_469
470,robert_470,paulson_470
471,robert_471,paulson_471
472,robert_472,paulson_472
473,robert_473,paulson_473
474,robert_474,paulson_474
475,robert_475,paulson_475
476,robert_476,paulson_476
477,robert_477,paulson_477
478,robert_478,paulson_478
479,robert_479,paulson_479
480,robert_480,paulson_480
481,robert_481,paulson_481
482,robert_482,paulson_482
483,robert_483,paulson_483
484,robert_484,paulson_484
485,robert_485,paulson_485
486,robert_486,paulson_486
487,robert_487,paulson_487
488,robert_488,paulson_488
489,robert_489,paulson_489
490,robert_490,paulson_490
491,robert_491,paulson_491
492,robert_492,paulson_492
493,robert_493,paulson_493
494,robert_494,paulson_494
495,robert_495,paulson_495
496,robert_496,paulson_496
497,robert_497,paulson_497
498,robert_498,paulson_498
499,robert_499,paulson_499
500,robert_500,paulson_500
501,robert_501,paulson_501
502,robert_502,paulson_502
503,robert_503,paulson_503
504,robert_504,paulson_504
505,robert_505,paulson_505
506,robert_506,paulson_506
507,robert_507,paulson_507
508,robert_508,paulson_508
509,robert_509,paulson_509
510,robert_510,paulson_510
511,robert_511,paulson_511
512,robert_512,paulson_512
513,robert_513,paulson_513
514,robert_514,paulson_514
515,robert_515,paulson_515
516,robert_516,paulson_516
517,robert_517,paulson_517
518,robert_518,paulson_518
519,robert_519,paulson_519
520,robert_520,paulson_520
521,robert_521,paulson_521
522,robert_522,paulson_522
523,robert_523,paulson_523
524,robert_524,paulson_524
525,robert_525,paulson_525
526,robert_526,paulson_526
527,robert_527,paulson_527
528,robert_528,paulson_528
529,robert_529,paulson_529
530,robert_530,paulson_530
531,robert_531,paulson_531
532,robert_532,paulson_532
533,robert_533,paulson_533
534,robert_534,paulson_534
535,robert_535,paulson_535
536,robert_536,paulson_536
537,robert_537,paulson_537
538,robert_538,paulson_538
539,robert_539,paulson_539
540,robert_540,paulson_540
541,robert_541,paulson_541
542,robert_542,paulson_542
543,robert_543,paulson_543
544,robert_544,paulson_544
545,robert_545,paulson_545
546,robert_546,paulson_546
547,robert_547,paulson_547
548,robert_548,paulson_548
549,robert_549,paulson_549
550,robert_550,paulson_550
551,robert_551,paulson_551
552,robert_552,paulson_552
553,robert_553,paulson_553
554,robert_554,paulson_554
555,robert_555,paulson_555
556,robert_556,paulson_556
557,robert_557,paulson_557
558,robert_558,paulson_558
559,robert_559,paulson_559
560,robert_560,paulson_560
561,robert_561,paulson_561
562,robert_562,paulson_562
563,robert_563,paulson_563
564,robert_564,paulson_564
565,robert_565,paulson_565
566,robert_566,paulson_566
567,robert_567,paulson_567
568,robert_568,paulson_568
569,robert_569,paulson_569
570,robert_570,paulson_570
571,robert_571,paulson_571
572,robert_572,paulson_572
573,robert_573,paulson_573
574,robert_574,paulson_574
575,robert_575,paulson_575
576,robert_576,paulson_576
577,robert_577,paulson_577
578,robert_578,paulson_578
579,robert_579,paulson_579
580,robert_580,paulson_580
581,robert_581,paulson_581
582,robert_582,paulson_582
583,robert_583,paulson_583
584,robert_584,paulson_584
585,robert_585,paulson_585
586,robert_586,paulson_586
587,robert_587,paulson_587
588,robert_588,paulson_588
589,robert_589,paulson_589
590,robert_590,paulson_590
591,robert_591,paulson_591
592,robert_592,paulson_592
593,robert_593,paulson_593
594,robert_594,paulson_594
595,robert_595,paulson_595
596,robert_596,paulson_596
597,robert_597,paulson_597
598,robert_598,paulson_598
599,robert_599,paulson_599
600,robert_600,paulson_600
601,robert_601,paulson_601
602,robert_602,paulson_602
603,robert_603,paulson_603
604,robert_604,paulson_604
605,robert_605,paulson_605
606,robert_606,paulson_606
607,robert_607,paulson_607
608,robert_608,paulson_608
609,robert_609,paulson_609
610,robert_610,paulson_610
611,robert_611,paulson_611
612,robert_612,paulson_612
613,robert_613,paulson_613
614,robert_614,paulson_614
615,robert_615,paulson_615
616,robert_616,paulson_616
617,robert_617,paulson_617
618,robert_618,paulson_618
619,robert_619,paulson_619
620,robert_620,paulson_620
621,robert_621,paulson_621
622,robert_622,paulson_622
623,robert_623,paulson_623
624,robert_624,paulson_624
625,robert_625,paulson_625
626,robert_626,paulson_626
627,robert_627,paulson_627
628,robert_628,paulson_628
629,robert_629,paulson_629
630,robert_630,paulson_630
631,robert_631,paulson_631
632,robert_632,paulson_632
633,robert_633,paulson_633
634,robert_634,paulson_634
635,robert_635,paulson_635
636,robert_636,paulson_636
637,robert_637,paulson_637
638,robert_638,paulson_638
639,robert_639,paulson_639
640,robert_640,paulson_640
641,robert_641,paulson_641
642,robert_642,paulson_642
643,robert_643,paulson_643
644,robert_644,paulson_644
645,robert_645,paulson_645
646,robert_646,paulson_646
647,robert_647,paulson_647
648,robert_648,paulson_648
649,robert_649,paulson_649
650,robert_650,paulson_650
651,robert_651,paulson_651
652,robert_652,paulson_652
653,robert_653,paulson_653
654,robert_654,paulson_654
655,robert_655,paulson_655
656,robert_656,paulson_656
657,robert_657,paulson_657
658,robert_658,paulson_658
659,robert_659,paulson_659
660,robert_660,paulson_660
661,robert_661,paulson_661
662,robert_662,paulson_662
663,robert_663,paulson_663
664,robert_664,paulson_664
665,robert_665,paulson_665
666,robert_666,paulson_666
667,robert_667,paulson_667
668,robert_668,paulson_668
669,robert_669,paulson_669
670,robert_670,paulson_670
671,robert_671,paulson_671
672,robert_672,paulson_672
673,robert_673,paulson_673
674,robert_674,paulson_674
675,robert_675,paulson_675
676,robert_676,paulson_676
677,robert_677,paulson_677
678,robert_678,paulson_678
679,robert_679,paulson_679
680,robert_680,paulson_680
681,robert_681,paulson_681
682,robert_682,paulson_682
683,robert_683,paulson_683
684,robert_684,paulson_684
685,robert_685,paulson_685
686,robert_686,paulson_686
687,robert_687,paulson_687
688,robert_688,paulson_688
689,robert_689,paulson_689
690,robert_690,paulson_690
691,robert_691,paulson_691
692,robert_692,paulson_692
693,robert_693,paulson_693
694,robert_694,paulson_694
695,robert_695,paulson_695
696,robert_696,paulson_696
697,robert_697,paulson_697
698,robert_698,paulson_698
699,robert_699,paulson_699
700,robert_700,paulson_700
701,robert_701,paulson_701
702,robert_702,paulson_702
703,robert_703,paulson_703
704,robert_704,paulson_704
705,robert_705,paulson_705
706,robert_706,paulson_706
707,robert_707,paulson_707
708,robert_708,paulson_708
709,robert_709,paulson_709
710,robert_710,paulson_710
711,robert_711,paulson_711
712,robert_712,paulson_712
713,robert_713,paulson_713
714,robert_714,paulson_714
715,robert_715,paulson_715
716,robert_716,paulson_716
717,robert_717,paulson_717
718,robert_718,paulson_718
719,robert_719,paulson_719
720,robert_720,paulson_720
721,robert_721,paulson_721
722,robert_722,paulson_722
723,robert_723,paulson_723
724,robert_724,paulson_724
725,robert_725,paulson_725
726,robert_726,paulson_726
727,robert_727,paulson_727
728,robert_728,paulson_728
729,robert_729,paulson_729
730,robert_730,paulson_730
731,robert_731,paulson_731
732,robert_732,paulson_732
733,robert_733,paulson_733
734,robert_734,paulson_734
735,robert_735,paulson_735
736,robert_736,paulson_736
737,robert_737,paulson_737
738,robert_738,paulson_738
739,robert_739,paulson_739
740,robert_740,paulson_740
741,robert_741,paulson_741
742,robert_742,paulson_742
743,robert_743,paulson_743
744,robert_744,paulson_744
745,robert_745,paulson_745
746,robert_746,paulson_746
747,robert_747,paulson_747
748,robert_748,paulson_748
749,robert_749,paulson_749
750,robert_750,paulson_750
751,robert_751,paulson_751
752,robert_752,paulson_752
753,robert_753,paulson_753
754,robert_754,paulson_754
755,robert_755,paulson_755
756,robert_756,paulson_756
757,robert_757,paulson_757
758,robert_758,paulson_758
759,robert_759,paulson_759
760,robert_760,paulson_760
761,robert_761,paulson_761
762,robert_762,paulson_762
763,robert_763,paulson_763
764,robert_764,paulson_764
765,robert_765,paulson_765
766,robert_766,paulson_766
767,robert_767,paulson_767
768,robert_768,paulson_768
769,robert_769,paulson_769
770,robert_770,paulson_770
771,robert_771,paulson_771
772,robert_772,paulson_772
773,robert_773,paulson_773
774,robert_774,paulson_774
775,robert_775,paulson_775
776,robert_776,paulson_776
777,robert_777,paulson_777
778,robert_778,paulson_778
779,robert_779,paulson_779
780,robert_780,paulson_780
781,robert_781,paulson_781
782,robert_782,paulson_782
783,robert_783,paulson_783
784,robert_784,paulson_784
785,robert_785,paulson_785
786,robert_786,paulson_786
787,robert_787,paulson_787
788,robert_788,paulson_788
789,robert_789,paulson_789
790,robert_790,paulson_790
791,robert_791,paulson_791
792,robert_792,paulson_792
793,robert_793,paulson_793
794,robert_794,paulson_794
795,robert_795,paulson_795
796,robert_796,paulson_796
797,robert_797,paulson_797
798,robert_798,paulson_798
799,robert_799,paulson_799
800,robert_800,paulson_800
801,robert_801,paulson_801
802,robert_802,paulson_802
803,robert_803,paulson_803
804,robert_804,paulson_804
805,robert_805,paulson_805
806,robert_806,paulson_806
807,robert_807,paulson_807
808,robert_808,paulson_808
809,robert_809,paulson_809
810,robert_810,paulson_810
811,robert_811,paulson_811
812,robert_812,paulson_812
813,robert_813,paulson_813
814,robert_814,paulson_814
815,robert_815,paulson_815
816,robert_816,paulson_816
817,robert_817,paulson_817
818,robert_818,paulson_818
819,robert_819,paulson_819
820,robert_820,paulson_820
821,robert_821,paulson_821
822,robert_822,paulson_822
823,robert_823,paulson_823
824,robert_824,paulson_824
825,robert_825,paulson_825
826,robert_826,paulson_826
827,robert_827,paulson_827
828,robert_828,paulson_828
829,robert_829,paulson_829
830,robert_830,paulson_830
831,robert_831,paulson_831
832,robert_832,paulson_832
833,robert_833,paulson_833
834,robert_834,paulson_834
835,robert_835,paulson_835
836,robert_836,paulson_836
837,robert_837,paulson_837
838,robert_838,paulson_838
839,robert_839,paulson_839
840,robert_840,paulson_840
841,robert_841,paulson_841
842,robert_842,paulson_842
843,robert_843,paulson_843
844,robert_844,paulson_844
845,robert_845,paulson_845
846,robert_846,paulson_846
847,robert_847,paulson_847
848,robert_848,paulson_848
849,robert_849,paulson_849
850,robert_850,paulson_850
851,robert_851,paulson_851
852,robert_852,paulson_852
853,robert_853,paulson_853
854,robert_854,paulson_854
855,robert_855,paulson_855
856,robert_856,paulson_856
857,robert_857,paulson_857
858,robert_858,paulson_858
859,robert_859,paulson_859
860,robert_860,paulson_860
861,robert_861,paulson_861
862,robert_862,paulson_862
863,robert_863,paulson_863
864,robert_864,paulson_864
865,robert_865,paulson_865
866,robert_866,paulson_866
867,robert_867,paulson_867
868,robert_868,paulson_868
869,robert_869,paulson_869
870,robert_870,paulson_870
871,robert_871,paulson_871
872,robert_872,paulson_872
873,robert_873,paulson_873
874,robert_874,paulson_874
875,robert_875,paulson_875
876,robert_876,paulson_876
877,robert_877,paulson_877
878,robert_878,paulson_878
879,robert_879,paulson_879
880,robert_880,paulson_880
881,robert_881,paulson_881
882,robert_882,paulson_882
883,robert_883,paulson_883
884,robert_884,paulson_884
885,robert_885,paulson_885
886,robert_886,paulson_886
887,robert_887,paulson_887
888,robert_888,paulson_888
889,robert_889,paulson_889
890,robert_890,paulson_890
891,robert_891,paulson_891
892,robert_892,paulson_892
893,robert_893,paulson_893
894,robert_894,paulson_894
895,robert_895,paulson_895
896,robert_896,paulson_896
897,robert_897,paulson_897
898,robert_898,paulson_898
899,robert_899,paulson_899
900,robert_900,paulson_900
901,robert_901,paulson_901
902,robert_902,paulson_902
903,robert_903,paulson_903
904,robert_904,paulson_904
905,robert_905,paulson_905
906,robert_906,paulson_906
907,robert_907,paulson_907
908,robert_908,paulson_908
909,robert_909,paulson_909
910,robert_910,paulson_910
911,robert_911,paulson_911
912,robert_912,paulson_912
913,robert_913,paulson_913
914,robert_914,paulson_914
915,robert_915,paulson_915
916,robert_916,paulson_916
917,robert_917,paulson_917
918,robert_918,paulson_918
919,robert_919,paulson_919
920,robert_920,paulson_920
921,robert_921,paulson_921
922,robert_922,paulson_922
923,robert_923,paulson_923
924,robert_924,paulson_924
925,robert_925,paulson_925
926,robert_926,paulson_926
927,robert_927,paulson_927
928,robert_928,paulson_928
929,robert_929,paulson_929
930,robert_930,paulson_930
931,robert_931,paulson_931
932,robert_932,paulson_932
933,robert_933,paulson_933
934,robert_934,paulson_934
935,robert_935,paulson_935
936,robert_936,paulson_936
937,robert_937,paulson_937
938,robert_938,paulson_938
939,robert_939,paulson_939
940,robert_940,paulson_940
941,robert_941,paulson_941
942,robert_942,paulson_942
943,robert_943,paulson_943
944,robert_944,paulson_944
945,robert_945,paulson_945
946,robert_946,paulson_946
947,robert_947,paulson_947
948,robert_948,paulson_948
949,robert_949,paulson_949
950,robert_950,paulson_950
951,robert_951,paulson_951
952,robert_952,paulson_952
953,robert_953,paulson_953
954,robert_954,paulson_954
955,robert_955,paulson_955
956,robert_956,paulson_956
957,robert_957,paulson_957
958,robert_958,paulson_958
959,robert_959,paulson_959
960,robert_960,paulson_960
961,robert_961,paulson_961
962,robert_962,paulson_962
963,robert_963,paulson_963
964,robert_964,paulson_964
965,robert_965,paulson_965
966,robert_966,paulson_966
967,robert_967,paulson_967
968,robert_968,paulson_968
969,robert_969,paulson_969
970,robert_970,paulson_970
971,robert_971,paulson_971
972,robert_972,paulson_972
973,robert_973,paulson_973
974,robert_974,paulson_974
975,robert_975,paulson_975
976,robert_976,paulson_976
977,robert_977,paulson_977
978,robert_978,paulson_978
979,robert_979,paulson_979
980,robert_980,paulson_980
981,robert_981,paulson_981
982,robert_982,paulson_982
983,robert_983,paulson_983
984,robert_984,paulson_984
985,robert_985,paulson_985
986,robert_986,paulson_986
987,robert_987,paulson_987
988,robert_988,paulson_988
989,robert_989,paulson_989
990,robert_990,paulson_990
991,robert_991,paulson_991
992,robert_992,paulson_992
993,robert_993,paulson_993
994,robert_994,paulson_994
995,robert_995,paulson_995
996,robert_996,paulson_996
997,robert_997,paulson_997
998,robert_998,paulson_998
999,robert_999,paulson_999
